customer_region,pedidos,nps_medio,percentual_detratores,percentual_neutros,percentual_promotores,recompra_30d
Centro-Oeste,468,4.20982905982906,84.1880341880342,10.47008547008547,5.3418803418803416,8.333333333333332
Sudeste,520,4.373846153846154,83.65384615384616,11.923076923076923,4.423076923076923,8.846153846153847
Norte,506,4.3826086956521735,85.17786561264822,11.264822134387352,3.557312252964427,7.905138339920949
Nordeste,485,4.421649484536083,85.56701030927834,10.103092783505154,4.329896907216495,7.628865979381444
Sul,521,4.490978886756238,83.30134357005758,12.284069097888676,4.414587332053743,10.748560460652591
