faixa_etaria,pedidos,nps_medio,percentual_detratores,percentual_neutros,percentual_promotores,recompra_30d
Até 25 anos,389,4.4766066838046275,84.83290488431876,10.539845758354756,4.627249357326478,8.997429305912597
26 a 35 anos,465,4.562150537634409,80.43010752688173,13.978494623655912,5.591397849462366,9.89247311827957
36 a 45 anos,517,4.120116054158607,88.58800773694391,8.317214700193423,3.0947775628626695,6.5764023210831715
46 a 60 anos,714,4.285294117647059,85.0140056022409,11.204481792717088,3.7815126050420167,7.9831932773109235
Mais de 60,415,4.563614457831325,81.92771084337349,12.530120481927712,5.542168674698795,11.08433734939759
