faixa_atraso,pedidos,nps_medio,percentual_detratores,percentual_neutros,percentual_promotores,recompra_30d
0 dias,277,6.856678700361011,51.624548736462096,30.324909747292416,18.050541516245488,33.935018050541515
1 dia,615,5.546178861788618,73.98373983739837,18.86178861788618,7.154471544715448,14.796747967479677
2 dias,646,4.580185758513932,87.92569659442725,10.061919504643962,2.0123839009287927,4.024767801857585
3 dias,525,3.4367619047619047,96.76190476190476,2.666666666666667,0.5714285714285714,1.1428571428571428
4+ dias,437,1.9981693363844395,99.54233409610984,0.4576659038901602,0.0,0.2288329519450801
