faixa_contatos,pedidos,nps_medio,percentual_detratores,percentual_neutros,percentual_promotores,recompra_30d
0 contatos,554,5.543501805054151,70.7581227436823,18.95306859205776,10.288808664259928,17.870036101083034
1 contato,816,4.657107843137255,83.94607843137256,11.642156862745098,4.411764705882353,9.191176470588236
2 contatos,640,4.11640625,88.59375,9.21875,2.1875,5.3125
3+ contatos,490,2.940204081632653,94.89795918367348,4.489795918367347,0.6122448979591837,2.0408163265306123
