faixa_reclamacoes,pedidos,nps_medio,percentual_detratores,percentual_neutros,percentual_promotores,recompra_30d
0 reclamações,23,8.517391304347827,17.391304347826086,43.47826086956522,39.130434782608695,69.56521739130434
1 reclamação,122,7.770491803278689,30.327868852459016,48.36065573770492,21.311475409836063,42.62295081967213
2 reclamações,277,6.052346570397112,65.34296028880865,23.465703971119133,11.191335740072201,19.494584837545126
3 reclamações,507,4.910059171597633,81.65680473372781,13.806706114398423,4.536489151873767,8.875739644970414
4-5 reclamações,1044,3.975095785440613,91.85823754789271,6.226053639846743,1.9157088122605364,4.310344827586207
6+ reclamações,527,2.8210626185958256,97.53320683111954,2.2770398481973433,0.18975332068311196,1.1385199240986716
