faixa_resolucao,pedidos,nps_medio,percentual_detratores,percentual_neutros,percentual_promotores,recompra_30d
0-2 dias,629,5.040858505564388,77.74244833068363,14.785373608903022,7.472178060413355,12.87758346581876
3-5 dias,619,4.5079159935379645,82.55250403877221,12.277867528271406,5.169628432956381,10.177705977382875
6-7 dias,410,4.291219512195122,85.60975609756098,11.219512195121952,3.1707317073170733,8.536585365853659
8+ dias,842,3.831353919239905,90.02375296912113,7.8384798099762465,2.137767220902613,4.631828978622328
