faixa_csat,pedidos,nps_medio,percentual_detratores,percentual_neutros,percentual_promotores,recompra_30d
CSAT baixo,1361,3.359147685525349,94.04849375459222,4.996326230712711,0.9551800146950772,2.4981631153563555
CSAT médio,835,5.097964071856287,81.67664670658684,14.37125748502994,3.952095808383234,9.10179640718563
CSAT alto,261,6.740229885057471,52.87356321839081,31.03448275862069,16.091954022988507,31.03448275862069
CSAT muito alto,43,8.341860465116278,20.930232558139537,27.906976744186046,51.162790697674424,62.7906976744186
